2023-01-28 10:41:37.376012,,
http://bafybeidoxfiahb32n5ulr2rr7phipwicabrudy5gbmxdlvcedjikzeip4e.ipfs.dweb.link/,Microsoft OneDrive,07:35:24
http://outlook515.yolasite.com/,Generic/Spear Phishing,07:31:24
http://mailservice4238840.weeblysite.com/,AT&T Inc.,07:29:27
http://3659eee.com/,Bet365,07:26:44
https://elamigovisible.utopicum.es/id.html?ts=1,Nordea Bank,07:26:37
http://meriyzarrimerezidonving.blogspot.com/,La Banque postale,07:24:26
http://instagram-apple.com/,Apple Inc.,07:20:58
http://steaamcomunity.com/profles/7656125956818303,Steam,07:19:07
http://agencenote009.web.app/,Societe Generale,07:13:50
http://www.nailcanhillrun.com.au/myGov/,Australian Government,07:11:28
http://amazonshopping.win/,Amazon.com Inc.,07:09:28
https://www.sharestion.com/nam/be0f980b-dd99-4b19-bd7b-bc71a09b026c/e790dbb6-04c5-4684-8bf6-c8e4a4c96174/1f976872-f2a0-4236-bdfe-61d8cec2fd36/login?id=VnptcEJvZUJEcG9XUWNPdDlLNVZZZnNzUUVtaGVCZnVYQmlxSnlBUnFOMDN6YmVIdTh2alFOWW5iQkpYTysrUTNIV3psek01dmVGdjNhZWxHQWtTbEV0dG5pK05WQ1VQbGtzUkN5QTdKVExiZFltSjdjZmJaVGhPbmRlY3k4MlY1cjhZR0wxa05DQ2lGaStja0x4Y005V1Y4M3k2ZjYyS0xDN1IreURVZnp4RHRSRFNYMTJrM2diNW51QzZiV1JhYzlUMVpLK0lFQWN2dEtUQmR0UkhIdE9WVEJDaWNZQU44TFFEaUlySHkrYnhQWE5mODlzMmEzcm9vN2MvcE1wVi9nVHZ1cW4zdUsvQXMyNGc3dGozVU51SW5aS3dkbjV4dkdYeHVLaGJHOUV4dTg3d2E3S0p0cml6Y3dSblV3M1hsakhXRDR6WGMxSlFhL0NBK1ZNMklxZ1lOdmVQY2V5OXRkSzY0dG5WdHZVVWh6eHZtaHhZcUNiTGx3bFVuT01JM0ZKTzU1cTdzTXpuamZsQi9mTGlJUVhSQ242U3NGc2tic3B1bEtpTlVWUT0,Office365,07:06:52
http://radhikamd.github.io/netflix,Netflix Inc.,07:06:28
https://v1and1-ionos-info-2hyeo.ondigitalocean.app/,1&1 Ionos,07:06:22
http://uniswap.homes/,Crypto/Wallet,06:54:30
http://mediafire-jd.my.id/,WhatsApp,06:49:09
http://yahoo-106347-106122.weeblysite.com/,Yahoo! Inc,06:46:29
https://unruffled-poincare.178-170-13-191.plesk.page/Swiss-a4c6294-185bad0cd24-1aadd/a4c6294-185bad0cd24/A16738wGb6O30aBXQmpDU76204812/fbB5ppqkPTE69npSXqEmVvkKtVs/,PostFinance,06:40:37
http://hicrypto.com.cn/,Epos Card Co.,06:34:22
http://smsenligne.myfreesites.net/,Orange,06:33:36
http://cnchax.com/,Tencent,06:31:50
https://glitso.in/profile.html?countUser=fd4272ab1f9af9e05f72f4af74cea2f8,Facebook,06:29:24
http://www.iplayukulele.com/POST/BIbAZTGkMv4193/,DHL Airways,06:15:45
http://www.soeme.com/site/wp-includes/Office/login.php,Outlook,06:15:20
http://www.sorrentinovini.com/wp-content/plugins/mail-boxes-etc/lib/vendor/setasign/fpdi/src/PdfParser/Filter/invoice/DocuSign/index2.php,DocuSign,06:11:06
http://www.2vyou.com/hollin/portal.php,Alibaba,06:10:16
https://www.go-etc-co-lasnnqca.zvpgetx.cn/jp,ETC personal card,06:07:45
http://active-dinamica.com/,Bancolombia,05:48:08
http://spkpushaktivierung.de/,Sparkasse Bank,05:45:36
https://berimtoobank.net/,Bank Mellat,05:44:44
https://www.mitid-approve.20-203-169-150.cprapid.com/nordx/,Nordea Bank AB,07:41:35
https://mygov-support.pages.dev/,Australian Government,07:41:19
http://bafybeidoxfiahb32n5ulr2rr7phipwicabrudy5gbmxdlvcedjikzeip4e.ipfs.dweb.link/,Microsoft OneDrive,07:35:24
http://outlook515.yolasite.com/,Generic/Spear Phishing,07:31:24
http://mailservice4238840.weeblysite.com/,AT&T Inc.,07:29:27
http://3659eee.com/,Bet365,07:26:44
https://elamigovisible.utopicum.es/id.html?ts=1,Nordea Bank,07:26:37
http://meriyzarrimerezidonving.blogspot.com/,La Banque postale,07:24:26
http://instagram-apple.com/,Apple Inc.,07:20:58
http://steaamcomunity.com/profles/7656125956818303,Steam,07:19:07
http://agencenote009.web.app/,Societe Generale,07:13:50
http://amazonshopping.win/,Amazon.com Inc.,07:09:28
https://www.sharestion.com/nam/be0f980b-dd99-4b19-bd7b-bc71a09b026c/e790dbb6-04c5-4684-8bf6-c8e4a4c96174/1f976872-f2a0-4236-bdfe-61d8cec2fd36/login?id=VnptcEJvZUJEcG9XUWNPdDlLNVZZZnNzUUVtaGVCZnVYQmlxSnlBUnFOMDN6YmVIdTh2alFOWW5iQkpYTysrUTNIV3psek01dmVGdjNhZWxHQWtTbEV0dG5pK05WQ1VQbGtzUkN5QTdKVExiZFltSjdjZmJaVGhPbmRlY3k4MlY1cjhZR0wxa05DQ2lGaStja0x4Y005V1Y4M3k2ZjYyS0xDN1IreURVZnp4RHRSRFNYMTJrM2diNW51QzZiV1JhYzlUMVpLK0lFQWN2dEtUQmR0UkhIdE9WVEJDaWNZQU44TFFEaUlySHkrYnhQWE5mODlzMmEzcm9vN2MvcE1wVi9nVHZ1cW4zdUsvQXMyNGc3dGozVU51SW5aS3dkbjV4dkdYeHVLaGJHOUV4dTg3d2E3S0p0cml6Y3dSblV3M1hsakhXRDR6WGMxSlFhL0NBK1ZNMklxZ1lOdmVQY2V5OXRkSzY0dG5WdHZVVWh6eHZtaHhZcUNiTGx3bFVuT01JM0ZKTzU1cTdzTXpuamZsQi9mTGlJUVhSQ242U3NGc2tic3B1bEtpTlVWUT0,Office365,07:06:52
http://radhikamd.github.io/netflix,Netflix Inc.,07:06:28
https://v1and1-ionos-info-2hyeo.ondigitalocean.app/,1&1 Ionos,07:06:22
http://uniswap.homes/,Crypto/Wallet,06:54:30
http://mediafire-jd.my.id/,WhatsApp,06:49:09
http://yahoo-106347-106122.weeblysite.com/,Yahoo! Inc,06:46:29
https://unruffled-poincare.178-170-13-191.plesk.page/Swiss-a4c6294-185bad0cd24-1aadd/a4c6294-185bad0cd24/A16738wGb6O30aBXQmpDU76204812/fbB5ppqkPTE69npSXqEmVvkKtVs/,PostFinance,06:40:37
http://hicrypto.com.cn/,Epos Card Co.,06:34:22
http://smsenligne.myfreesites.net/,Orange,06:33:36
http://cnchax.com/,Tencent,06:31:50
https://glitso.in/profile.html?countUser=fd4272ab1f9af9e05f72f4af74cea2f8,Facebook,06:29:24
http://www.iplayukulele.com/POST/BIbAZTGkMv4193/,DHL Airways,06:15:45
http://www.soeme.com/site/wp-includes/Office/login.php,Outlook,06:15:20
http://www.sorrentinovini.com/wp-content/plugins/mail-boxes-etc/lib/vendor/setasign/fpdi/src/PdfParser/Filter/invoice/DocuSign/index2.php,DocuSign,06:11:06
http://www.2vyou.com/hollin/portal.php,Alibaba,06:10:16
https://www.go-etc-co-lasnnqca.zvpgetx.cn/jp,ETC personal card,06:07:45
http://active-dinamica.com/,Bancolombia,05:48:08
http://spkpushaktivierung.de/,Sparkasse Bank,05:45:36
https://www.mitid-approve.20-203-169-150.cprapid.com/nordx/,Nordea Bank AB,07:41:35
https://mygov-support.pages.dev/,Australian Government,07:41:19
http://bafybeidoxfiahb32n5ulr2rr7phipwicabrudy5gbmxdlvcedjikzeip4e.ipfs.dweb.link/,Microsoft OneDrive,07:35:24
http://outlook515.yolasite.com/,Generic/Spear Phishing,07:31:24
http://mailservice4238840.weeblysite.com/,AT&T Inc.,07:29:27
http://3659eee.com/,Bet365,07:26:44
https://elamigovisible.utopicum.es/id.html?ts=1,Nordea Bank,07:26:37
http://meriyzarrimerezidonving.blogspot.com/,La Banque postale,07:24:26
http://instagram-apple.com/,Apple Inc.,07:20:58
http://steaamcomunity.com/profles/7656125956818303,Steam,07:19:07
http://agencenote009.web.app/,Societe Generale,07:13:50
http://amazonshopping.win/,Amazon.com Inc.,07:09:28
https://www.sharestion.com/nam/be0f980b-dd99-4b19-bd7b-bc71a09b026c/e790dbb6-04c5-4684-8bf6-c8e4a4c96174/1f976872-f2a0-4236-bdfe-61d8cec2fd36/login?id=VnptcEJvZUJEcG9XUWNPdDlLNVZZZnNzUUVtaGVCZnVYQmlxSnlBUnFOMDN6YmVIdTh2alFOWW5iQkpYTysrUTNIV3psek01dmVGdjNhZWxHQWtTbEV0dG5pK05WQ1VQbGtzUkN5QTdKVExiZFltSjdjZmJaVGhPbmRlY3k4MlY1cjhZR0wxa05DQ2lGaStja0x4Y005V1Y4M3k2ZjYyS0xDN1IreURVZnp4RHRSRFNYMTJrM2diNW51QzZiV1JhYzlUMVpLK0lFQWN2dEtUQmR0UkhIdE9WVEJDaWNZQU44TFFEaUlySHkrYnhQWE5mODlzMmEzcm9vN2MvcE1wVi9nVHZ1cW4zdUsvQXMyNGc3dGozVU51SW5aS3dkbjV4dkdYeHVLaGJHOUV4dTg3d2E3S0p0cml6Y3dSblV3M1hsakhXRDR6WGMxSlFhL0NBK1ZNMklxZ1lOdmVQY2V5OXRkSzY0dG5WdHZVVWh6eHZtaHhZcUNiTGx3bFVuT01JM0ZKTzU1cTdzTXpuamZsQi9mTGlJUVhSQ242U3NGc2tic3B1bEtpTlVWUT0,Office365,07:06:52
http://radhikamd.github.io/netflix,Netflix Inc.,07:06:28
https://v1and1-ionos-info-2hyeo.ondigitalocean.app/,1&1 Ionos,07:06:22
http://uniswap.homes/,Crypto/Wallet,06:54:30
http://mediafire-jd.my.id/,WhatsApp,06:49:09
http://yahoo-106347-106122.weeblysite.com/,Yahoo! Inc,06:46:29
https://unruffled-poincare.178-170-13-191.plesk.page/Swiss-a4c6294-185bad0cd24-1aadd/a4c6294-185bad0cd24/A16738wGb6O30aBXQmpDU76204812/fbB5ppqkPTE69npSXqEmVvkKtVs/,PostFinance,06:40:37
http://hicrypto.com.cn/,Epos Card Co.,06:34:22
http://smsenligne.myfreesites.net/,Orange,06:33:36
http://cnchax.com/,Tencent,06:31:50
https://glitso.in/profile.html?countUser=fd4272ab1f9af9e05f72f4af74cea2f8,Facebook,06:29:24
http://www.iplayukulele.com/POST/BIbAZTGkMv4193/,DHL Airways,06:15:45
http://www.soeme.com/site/wp-includes/Office/login.php,Outlook,06:15:20
http://www.sorrentinovini.com/wp-content/plugins/mail-boxes-etc/lib/vendor/setasign/fpdi/src/PdfParser/Filter/invoice/DocuSign/index2.php,DocuSign,06:11:06
http://www.2vyou.com/hollin/portal.php,Alibaba,06:10:16
https://www.go-etc-co-lasnnqca.zvpgetx.cn/jp,ETC personal card,06:07:45
http://active-dinamica.com/,Bancolombia,05:48:08
http://spkpushaktivierung.de/,Sparkasse Bank,05:45:36
http://kucoidfn-lgin.godaddysites.com/,Crypto/Wallet,07:45:23
https://generatingcontent.online/japan-porn-hacker-kernad2es5kjd-ewos4dsd0f5es-podie4wosde0ws5podes-depso3de6wosd-0ewp3sod6esd-f0ew3psode5d0f-reodi5ews-d0fep3sod7esd-f0es5pbfvt-get5mquerys8194/002/,Office365,07:42:30
https://atoclaim.org/myato/,Australian Government,07:42:02
https://www.mitid-approve.20-203-169-150.cprapid.com/nordx/,Nordea Bank AB,07:41:35
http://bafybeidoxfiahb32n5ulr2rr7phipwicabrudy5gbmxdlvcedjikzeip4e.ipfs.dweb.link/,Microsoft OneDrive,07:35:24
http://outlook515.yolasite.com/,Generic/Spear Phishing,07:31:24
http://mailservice4238840.weeblysite.com/,AT&T Inc.,07:29:27
http://3659eee.com/,Bet365,07:26:44
https://elamigovisible.utopicum.es/id.html?ts=1,Nordea Bank,07:26:37
http://meriyzarrimerezidonving.blogspot.com/,La Banque postale,07:24:26
http://instagram-apple.com/,Apple Inc.,07:20:58
http://steaamcomunity.com/profles/7656125956818303,Steam,07:19:07
http://agencenote009.web.app/,Societe Generale,07:13:50
http://amazonshopping.win/,Amazon.com Inc.,07:09:28
http://radhikamd.github.io/netflix,Netflix Inc.,07:06:28
https://v1and1-ionos-info-2hyeo.ondigitalocean.app/,1&1 Ionos,07:06:22
http://mediafire-jd.my.id/,WhatsApp,06:49:09
http://yahoo-106347-106122.weeblysite.com/,Yahoo! Inc,06:46:29
https://unruffled-poincare.178-170-13-191.plesk.page/Swiss-a4c6294-185bad0cd24-1aadd/a4c6294-185bad0cd24/A16738wGb6O30aBXQmpDU76204812/fbB5ppqkPTE69npSXqEmVvkKtVs/,PostFinance,06:40:37
http://hicrypto.com.cn/,Epos Card Co.,06:34:22
http://smsenligne.myfreesites.net/,Orange,06:33:36
http://cnchax.com/,Tencent,06:31:50
https://glitso.in/profile.html?countUser=fd4272ab1f9af9e05f72f4af74cea2f8,Facebook,06:29:24
http://www.iplayukulele.com/POST/BIbAZTGkMv4193/,DHL Airways,06:15:45
http://www.soeme.com/site/wp-includes/Office/login.php,Outlook,06:15:20
http://www.sorrentinovini.com/wp-content/plugins/mail-boxes-etc/lib/vendor/setasign/fpdi/src/PdfParser/Filter/invoice/DocuSign/index2.php,DocuSign,06:11:06
http://www.2vyou.com/hollin/portal.php,Alibaba,06:10:16
https://www.go-etc-co-lasnnqca.zvpgetx.cn/jp,ETC personal card,06:07:45
http://active-dinamica.com/,Bancolombia,05:48:08
http://spkpushaktivierung.de/,Sparkasse Bank,05:45:36
http://genninemin.azurewebsites.net/,Generic/Spear Phishing,07:50:02
http://kucoidfn-lgin.godaddysites.com/,Crypto/Wallet,07:45:23
https://generatingcontent.online/japan-porn-hacker-kernad2es5kjd-ewos4dsd0f5es-podie4wosde0ws5podes-depso3de6wosd-0ewp3sod6esd-f0ew3psode5d0f-reodi5ews-d0fep3sod7esd-f0es5pbfvt-get5mquerys8194/002/,Office365,07:42:30
https://atoclaim.org/myato/,Australian Government,07:42:02
https://www.mitid-approve.20-203-169-150.cprapid.com/nordx/,Nordea Bank AB,07:41:35
http://bafybeidoxfiahb32n5ulr2rr7phipwicabrudy5gbmxdlvcedjikzeip4e.ipfs.dweb.link/,Microsoft OneDrive,07:35:24
http://mailservice4238840.weeblysite.com/,AT&T Inc.,07:29:27
http://3659eee.com/,Bet365,07:26:44
https://elamigovisible.utopicum.es/id.html?ts=1,Nordea Bank,07:26:37
http://meriyzarrimerezidonving.blogspot.com/,La Banque postale,07:24:26
http://instagram-apple.com/,Apple Inc.,07:20:58
http://steaamcomunity.com/profles/7656125956818303,Steam,07:19:07
http://agencenote009.web.app/,Societe Generale,07:13:50
http://amazonshopping.win/,Amazon.com Inc.,07:09:28
http://radhikamd.github.io/netflix,Netflix Inc.,07:06:28
https://v1and1-ionos-info-2hyeo.ondigitalocean.app/,1&1 Ionos,07:06:22
http://mediafire-jd.my.id/,WhatsApp,06:49:09
http://yahoo-106347-106122.weeblysite.com/,Yahoo! Inc,06:46:29
https://unruffled-poincare.178-170-13-191.plesk.page/Swiss-a4c6294-185bad0cd24-1aadd/a4c6294-185bad0cd24/A16738wGb6O30aBXQmpDU76204812/fbB5ppqkPTE69npSXqEmVvkKtVs/,PostFinance,06:40:37
http://hicrypto.com.cn/,Epos Card Co.,06:34:22
http://smsenligne.myfreesites.net/,Orange,06:33:36
http://cnchax.com/,Tencent,06:31:50
https://glitso.in/profile.html?countUser=fd4272ab1f9af9e05f72f4af74cea2f8,Facebook,06:29:24
http://www.iplayukulele.com/POST/BIbAZTGkMv4193/,DHL Airways,06:15:45
http://www.soeme.com/site/wp-includes/Office/login.php,Outlook,06:15:20
http://www.sorrentinovini.com/wp-content/plugins/mail-boxes-etc/lib/vendor/setasign/fpdi/src/PdfParser/Filter/invoice/DocuSign/index2.php,DocuSign,06:11:06
http://www.2vyou.com/hollin/portal.php,Alibaba,06:10:16
https://www.go-etc-co-lasnnqca.zvpgetx.cn/jp,ETC personal card,06:07:45
http://active-dinamica.com/,Bancolombia,05:48:08
http://spkpushaktivierung.de/,Sparkasse Bank,05:45:36
http://genninemin.azurewebsites.net/,Generic/Spear Phishing,07:50:02
http://kucoidfn-lgin.godaddysites.com/,Crypto/Wallet,07:45:23
https://generatingcontent.online/japan-porn-hacker-kernad2es5kjd-ewos4dsd0f5es-podie4wosde0ws5podes-depso3de6wosd-0ewp3sod6esd-f0ew3psode5d0f-reodi5ews-d0fep3sod7esd-f0es5pbfvt-get5mquerys8194/002/,Office365,07:42:30
https://atoclaim.org/myato/,Australian Government,07:42:02
https://www.mitid-approve.20-203-169-150.cprapid.com/nordx/,Nordea Bank AB,07:41:35
http://bafybeidoxfiahb32n5ulr2rr7phipwicabrudy5gbmxdlvcedjikzeip4e.ipfs.dweb.link/,Microsoft OneDrive,07:35:24
http://mailservice4238840.weeblysite.com/,AT&T Inc.,07:29:27
http://3659eee.com/,Bet365,07:26:44
https://elamigovisible.utopicum.es/id.html?ts=1,Nordea Bank,07:26:37
http://meriyzarrimerezidonving.blogspot.com/,La Banque postale,07:24:26
http://instagram-apple.com/,Apple Inc.,07:20:58
http://steaamcomunity.com/profles/7656125956818303,Steam,07:19:07
http://agencenote009.web.app/,Societe Generale,07:13:50
http://amazonshopping.win/,Amazon.com Inc.,07:09:28
http://radhikamd.github.io/netflix,Netflix Inc.,07:06:28
https://v1and1-ionos-info-2hyeo.ondigitalocean.app/,1&1 Ionos,07:06:22
http://mediafire-jd.my.id/,WhatsApp,06:49:09
http://yahoo-106347-106122.weeblysite.com/,Yahoo! Inc,06:46:29
https://unruffled-poincare.178-170-13-191.plesk.page/Swiss-a4c6294-185bad0cd24-1aadd/a4c6294-185bad0cd24/A16738wGb6O30aBXQmpDU76204812/fbB5ppqkPTE69npSXqEmVvkKtVs/,PostFinance,06:40:37
http://hicrypto.com.cn/,Epos Card Co.,06:34:22
http://smsenligne.myfreesites.net/,Orange,06:33:36
http://cnchax.com/,Tencent,06:31:50
https://glitso.in/profile.html?countUser=fd4272ab1f9af9e05f72f4af74cea2f8,Facebook,06:29:24
http://www.iplayukulele.com/POST/BIbAZTGkMv4193/,DHL Airways,06:15:45
http://www.soeme.com/site/wp-includes/Office/login.php,Outlook,06:15:20
http://www.sorrentinovini.com/wp-content/plugins/mail-boxes-etc/lib/vendor/setasign/fpdi/src/PdfParser/Filter/invoice/DocuSign/index2.php,DocuSign,06:11:06
http://www.2vyou.com/hollin/portal.php,Alibaba,06:10:16
https://www.go-etc-co-lasnnqca.zvpgetx.cn/jp,ETC personal card,06:07:45
http://active-dinamica.com/,Bancolombia,05:48:08
http://spkpushaktivierung.de/,Sparkasse Bank,05:45:36
http://iehnaniupoeooellsjksnss.weebly.com/,AT&T Inc.,07:54:35
http://genninemin.azurewebsites.net/,Generic/Spear Phishing,07:50:02
http://kucoidfn-lgin.godaddysites.com/,Crypto/Wallet,07:45:23
https://generatingcontent.online/japan-porn-hacker-kernad2es5kjd-ewos4dsd0f5es-podie4wosde0ws5podes-depso3de6wosd-0ewp3sod6esd-f0ew3psode5d0f-reodi5ews-d0fep3sod7esd-f0es5pbfvt-get5mquerys8194/002/,Office365,07:42:30
https://atoclaim.org/myato/,Australian Government,07:42:02
https://www.mitid-approve.20-203-169-150.cprapid.com/nordx/,Nordea Bank AB,07:41:35
http://bafybeidoxfiahb32n5ulr2rr7phipwicabrudy5gbmxdlvcedjikzeip4e.ipfs.dweb.link/,Microsoft OneDrive,07:35:24
http://3659eee.com/,Bet365,07:26:44
https://elamigovisible.utopicum.es/id.html?ts=1,Nordea Bank,07:26:37
http://meriyzarrimerezidonving.blogspot.com/,La Banque postale,07:24:26
http://instagram-apple.com/,Apple Inc.,07:20:58
http://steaamcomunity.com/profles/7656125956818303,Steam,07:19:07
http://agencenote009.web.app/,Societe Generale,07:13:50
http://amazonshopping.win/,Amazon.com Inc.,07:09:28
http://radhikamd.github.io/netflix,Netflix Inc.,07:06:28
https://v1and1-ionos-info-2hyeo.ondigitalocean.app/,1&1 Ionos,07:06:22
http://mediafire-jd.my.id/,WhatsApp,06:49:09
http://yahoo-106347-106122.weeblysite.com/,Yahoo! Inc,06:46:29
https://unruffled-poincare.178-170-13-191.plesk.page/Swiss-a4c6294-185bad0cd24-1aadd/a4c6294-185bad0cd24/A16738wGb6O30aBXQmpDU76204812/fbB5ppqkPTE69npSXqEmVvkKtVs/,PostFinance,06:40:37
http://hicrypto.com.cn/,Epos Card Co.,06:34:22
http://smsenligne.myfreesites.net/,Orange,06:33:36
http://cnchax.com/,Tencent,06:31:50
https://glitso.in/profile.html?countUser=fd4272ab1f9af9e05f72f4af74cea2f8,Facebook,06:29:24
http://www.iplayukulele.com/POST/BIbAZTGkMv4193/,DHL Airways,06:15:45
http://www.soeme.com/site/wp-includes/Office/login.php,Outlook,06:15:20
http://www.sorrentinovini.com/wp-content/plugins/mail-boxes-etc/lib/vendor/setasign/fpdi/src/PdfParser/Filter/invoice/DocuSign/index2.php,DocuSign,06:11:06
http://www.2vyou.com/hollin/portal.php,Alibaba,06:10:16
https://www.go-etc-co-lasnnqca.zvpgetx.cn/jp,ETC personal card,06:07:45
http://active-dinamica.com/,Bancolombia,05:48:08
http://spkpushaktivierung.de/,Sparkasse Bank,05:45:36
http://whatsarspp.com/,WhatsApp,08:01:17
http://aracelisgglover.com/,Generic/Spear Phishing,08:01:06
http://akaniokashi7.com/boominati/,Australian Government,08:01:00
http://www.generato-sistemaint.com/,Intesa Sanpaolo,08:00:56
http://iehnaniupoeooellsjksnss.weebly.com/,AT&T Inc.,07:54:35
http://kucoidfn-lgin.godaddysites.com/,Crypto/Wallet,07:45:23
https://generatingcontent.online/japan-porn-hacker-kernad2es5kjd-ewos4dsd0f5es-podie4wosde0ws5podes-depso3de6wosd-0ewp3sod6esd-f0ew3psode5d0f-reodi5ews-d0fep3sod7esd-f0es5pbfvt-get5mquerys8194/002/,Office365,07:42:30
https://www.mitid-approve.20-203-169-150.cprapid.com/nordx/,Nordea Bank AB,07:41:35
http://bafybeidoxfiahb32n5ulr2rr7phipwicabrudy5gbmxdlvcedjikzeip4e.ipfs.dweb.link/,Microsoft OneDrive,07:35:24
http://3659eee.com/,Bet365,07:26:44
https://elamigovisible.utopicum.es/id.html?ts=1,Nordea Bank,07:26:37
http://meriyzarrimerezidonving.blogspot.com/,La Banque postale,07:24:26
http://instagram-apple.com/,Apple Inc.,07:20:58
http://steaamcomunity.com/profles/7656125956818303,Steam,07:19:07
http://agencenote009.web.app/,Societe Generale,07:13:50
http://amazonshopping.win/,Amazon.com Inc.,07:09:28
http://radhikamd.github.io/netflix,Netflix Inc.,07:06:28
https://v1and1-ionos-info-2hyeo.ondigitalocean.app/,1&1 Ionos,07:06:22
http://yahoo-106347-106122.weeblysite.com/,Yahoo! Inc,06:46:29
https://unruffled-poincare.178-170-13-191.plesk.page/Swiss-a4c6294-185bad0cd24-1aadd/a4c6294-185bad0cd24/A16738wGb6O30aBXQmpDU76204812/fbB5ppqkPTE69npSXqEmVvkKtVs/,PostFinance,06:40:37
http://hicrypto.com.cn/,Epos Card Co.,06:34:22
http://smsenligne.myfreesites.net/,Orange,06:33:36
http://cnchax.com/,Tencent,06:31:50
https://glitso.in/profile.html?countUser=fd4272ab1f9af9e05f72f4af74cea2f8,Facebook,06:29:24
http://www.iplayukulele.com/POST/BIbAZTGkMv4193/,DHL Airways,06:15:45
http://www.soeme.com/site/wp-includes/Office/login.php,Outlook,06:15:20
http://www.sorrentinovini.com/wp-content/plugins/mail-boxes-etc/lib/vendor/setasign/fpdi/src/PdfParser/Filter/invoice/DocuSign/index2.php,DocuSign,06:11:06
http://www.2vyou.com/hollin/portal.php,Alibaba,06:10:16
https://www.go-etc-co-lasnnqca.zvpgetx.cn/jp,ETC personal card,06:07:45
http://active-dinamica.com/,Bancolombia,05:48:08
http://whatsarspp.com/,WhatsApp,08:01:17
http://aracelisgglover.com/,Generic/Spear Phishing,08:01:06
http://akaniokashi7.com/boominati/,Australian Government,08:01:00
http://www.generato-sistemaint.com/,Intesa Sanpaolo,08:00:56
http://iehnaniupoeooellsjksnss.weebly.com/,AT&T Inc.,07:54:35
http://kucoidfn-lgin.godaddysites.com/,Crypto/Wallet,07:45:23
https://generatingcontent.online/japan-porn-hacker-kernad2es5kjd-ewos4dsd0f5es-podie4wosde0ws5podes-depso3de6wosd-0ewp3sod6esd-f0ew3psode5d0f-reodi5ews-d0fep3sod7esd-f0es5pbfvt-get5mquerys8194/002/,Office365,07:42:30
https://www.mitid-approve.20-203-169-150.cprapid.com/nordx/,Nordea Bank AB,07:41:35
http://bafybeidoxfiahb32n5ulr2rr7phipwicabrudy5gbmxdlvcedjikzeip4e.ipfs.dweb.link/,Microsoft OneDrive,07:35:24
http://3659eee.com/,Bet365,07:26:44
https://elamigovisible.utopicum.es/id.html?ts=1,Nordea Bank,07:26:37
http://meriyzarrimerezidonving.blogspot.com/,La Banque postale,07:24:26
http://instagram-apple.com/,Apple Inc.,07:20:58
http://steaamcomunity.com/profles/7656125956818303,Steam,07:19:07
http://agencenote009.web.app/,Societe Generale,07:13:50
http://amazonshopping.win/,Amazon.com Inc.,07:09:28
http://radhikamd.github.io/netflix,Netflix Inc.,07:06:28
https://v1and1-ionos-info-2hyeo.ondigitalocean.app/,1&1 Ionos,07:06:22
http://yahoo-106347-106122.weeblysite.com/,Yahoo! Inc,06:46:29
https://unruffled-poincare.178-170-13-191.plesk.page/Swiss-a4c6294-185bad0cd24-1aadd/a4c6294-185bad0cd24/A16738wGb6O30aBXQmpDU76204812/fbB5ppqkPTE69npSXqEmVvkKtVs/,PostFinance,06:40:37
http://hicrypto.com.cn/,Epos Card Co.,06:34:22
http://smsenligne.myfreesites.net/,Orange,06:33:36
http://cnchax.com/,Tencent,06:31:50
https://glitso.in/profile.html?countUser=fd4272ab1f9af9e05f72f4af74cea2f8,Facebook,06:29:24
http://www.iplayukulele.com/POST/BIbAZTGkMv4193/,DHL Airways,06:15:45
http://www.soeme.com/site/wp-includes/Office/login.php,Outlook,06:15:20
http://www.sorrentinovini.com/wp-content/plugins/mail-boxes-etc/lib/vendor/setasign/fpdi/src/PdfParser/Filter/invoice/DocuSign/index2.php,DocuSign,06:11:06
http://www.2vyou.com/hollin/portal.php,Alibaba,06:10:16
https://www.go-etc-co-lasnnqca.zvpgetx.cn/jp,ETC personal card,06:07:45
http://active-dinamica.com/,Bancolombia,05:48:08
http://netflix.ayuda-telefonica.com/,Netflix Inc.,08:06:25
http://ourtime.address-match.workers.dev/,InterActiveCorp,08:05:29
http://whatsarspp.com/,WhatsApp,08:01:17
http://aracelisgglover.com/,Generic/Spear Phishing,08:01:06
http://akaniokashi7.com/boominati/,Australian Government,08:01:00
http://www.generato-sistemaint.com/,Intesa Sanpaolo,08:00:56
http://iehnaniupoeooellsjksnss.weebly.com/,AT&T Inc.,07:54:35
http://kucoidfn-lgin.godaddysites.com/,Crypto/Wallet,07:45:23
https://generatingcontent.online/japan-porn-hacker-kernad2es5kjd-ewos4dsd0f5es-podie4wosde0ws5podes-depso3de6wosd-0ewp3sod6esd-f0ew3psode5d0f-reodi5ews-d0fep3sod7esd-f0es5pbfvt-get5mquerys8194/002/,Office365,07:42:30
https://www.mitid-approve.20-203-169-150.cprapid.com/nordx/,Nordea Bank AB,07:41:35
http://bafybeidoxfiahb32n5ulr2rr7phipwicabrudy5gbmxdlvcedjikzeip4e.ipfs.dweb.link/,Microsoft OneDrive,07:35:24
http://3659eee.com/,Bet365,07:26:44
https://elamigovisible.utopicum.es/id.html?ts=1,Nordea Bank,07:26:37
http://meriyzarrimerezidonving.blogspot.com/,La Banque postale,07:24:26
http://instagram-apple.com/,Apple Inc.,07:20:58
http://steaamcomunity.com/profles/7656125956818303,Steam,07:19:07
http://agencenote009.web.app/,Societe Generale,07:13:50
http://amazonshopping.win/,Amazon.com Inc.,07:09:28
https://v1and1-ionos-info-2hyeo.ondigitalocean.app/,1&1 Ionos,07:06:22
http://yahoo-106347-106122.weeblysite.com/,Yahoo! Inc,06:46:29
https://unruffled-poincare.178-170-13-191.plesk.page/Swiss-a4c6294-185bad0cd24-1aadd/a4c6294-185bad0cd24/A16738wGb6O30aBXQmpDU76204812/fbB5ppqkPTE69npSXqEmVvkKtVs/,PostFinance,06:40:37
http://hicrypto.com.cn/,Epos Card Co.,06:34:22
http://smsenligne.myfreesites.net/,Orange,06:33:36
http://cnchax.com/,Tencent,06:31:50
https://glitso.in/profile.html?countUser=fd4272ab1f9af9e05f72f4af74cea2f8,Facebook,06:29:24
http://www.iplayukulele.com/POST/BIbAZTGkMv4193/,DHL Airways,06:15:45
http://www.soeme.com/site/wp-includes/Office/login.php,Outlook,06:15:20
http://www.sorrentinovini.com/wp-content/plugins/mail-boxes-etc/lib/vendor/setasign/fpdi/src/PdfParser/Filter/invoice/DocuSign/index2.php,DocuSign,06:11:06
http://www.2vyou.com/hollin/portal.php,Alibaba,06:10:16
https://www.go-etc-co-lasnnqca.zvpgetx.cn/jp,ETC personal card,06:07:45
http://netflix.ayuda-telefonica.com/,Netflix Inc.,08:06:25
http://ourtime.address-match.workers.dev/,InterActiveCorp,08:05:29
http://whatsarspp.com/,WhatsApp,08:01:17
http://aracelisgglover.com/,Generic/Spear Phishing,08:01:06
http://akaniokashi7.com/boominati/,Australian Government,08:01:00
http://www.generato-sistemaint.com/,Intesa Sanpaolo,08:00:56
http://iehnaniupoeooellsjksnss.weebly.com/,AT&T Inc.,07:54:35
http://kucoidfn-lgin.godaddysites.com/,Crypto/Wallet,07:45:23
https://generatingcontent.online/japan-porn-hacker-kernad2es5kjd-ewos4dsd0f5es-podie4wosde0ws5podes-depso3de6wosd-0ewp3sod6esd-f0ew3psode5d0f-reodi5ews-d0fep3sod7esd-f0es5pbfvt-get5mquerys8194/002/,Office365,07:42:30
https://www.mitid-approve.20-203-169-150.cprapid.com/nordx/,Nordea Bank AB,07:41:35
http://bafybeidoxfiahb32n5ulr2rr7phipwicabrudy5gbmxdlvcedjikzeip4e.ipfs.dweb.link/,Microsoft OneDrive,07:35:24
http://3659eee.com/,Bet365,07:26:44
https://elamigovisible.utopicum.es/id.html?ts=1,Nordea Bank,07:26:37
http://meriyzarrimerezidonving.blogspot.com/,La Banque postale,07:24:26
http://instagram-apple.com/,Apple Inc.,07:20:58
http://steaamcomunity.com/profles/7656125956818303,Steam,07:19:07
http://agencenote009.web.app/,Societe Generale,07:13:50
http://amazonshopping.win/,Amazon.com Inc.,07:09:28
https://v1and1-ionos-info-2hyeo.ondigitalocean.app/,1&1 Ionos,07:06:22
http://yahoo-106347-106122.weeblysite.com/,Yahoo! Inc,06:46:29
https://unruffled-poincare.178-170-13-191.plesk.page/Swiss-a4c6294-185bad0cd24-1aadd/a4c6294-185bad0cd24/A16738wGb6O30aBXQmpDU76204812/fbB5ppqkPTE69npSXqEmVvkKtVs/,PostFinance,06:40:37
http://hicrypto.com.cn/,Epos Card Co.,06:34:22
http://smsenligne.myfreesites.net/,Orange,06:33:36
http://cnchax.com/,Tencent,06:31:50
https://glitso.in/profile.html?countUser=fd4272ab1f9af9e05f72f4af74cea2f8,Facebook,06:29:24
http://www.iplayukulele.com/POST/BIbAZTGkMv4193/,DHL Airways,06:15:45
http://www.soeme.com/site/wp-includes/Office/login.php,Outlook,06:15:20
http://www.sorrentinovini.com/wp-content/plugins/mail-boxes-etc/lib/vendor/setasign/fpdi/src/PdfParser/Filter/invoice/DocuSign/index2.php,DocuSign,06:11:06
http://www.2vyou.com/hollin/portal.php,Alibaba,06:10:16
https://www.go-etc-co-lasnnqca.zvpgetx.cn/jp,ETC personal card,06:07:45
https://login-clienti-bper-italia.cfolks.pl/application/mobile/public/webapp/digital-login/area-riservata.php,BPER Banca,08:10:02
http://ev6gwa.webwave.dev/,AT&T Inc.,08:08:20
http://netflix.ayuda-telefonica.com/,Netflix Inc.,08:06:25
http://ourtime.address-match.workers.dev/,InterActiveCorp,08:05:29
http://whatsarspp.com/,WhatsApp,08:01:17
http://aracelisgglover.com/,Generic/Spear Phishing,08:01:06
http://akaniokashi7.com/boominati/,Australian Government,08:01:00
http://www.generato-sistemaint.com/,Intesa Sanpaolo,08:00:56
http://kucoidfn-lgin.godaddysites.com/,Crypto/Wallet,07:45:23
https://generatingcontent.online/japan-porn-hacker-kernad2es5kjd-ewos4dsd0f5es-podie4wosde0ws5podes-depso3de6wosd-0ewp3sod6esd-f0ew3psode5d0f-reodi5ews-d0fep3sod7esd-f0es5pbfvt-get5mquerys8194/002/,Office365,07:42:30
https://www.mitid-approve.20-203-169-150.cprapid.com/nordx/,Nordea Bank AB,07:41:35
http://bafybeidoxfiahb32n5ulr2rr7phipwicabrudy5gbmxdlvcedjikzeip4e.ipfs.dweb.link/,Microsoft OneDrive,07:35:24
http://3659eee.com/,Bet365,07:26:44
https://elamigovisible.utopicum.es/id.html?ts=1,Nordea Bank,07:26:37
http://meriyzarrimerezidonving.blogspot.com/,La Banque postale,07:24:26
http://instagram-apple.com/,Apple Inc.,07:20:58
http://steaamcomunity.com/profles/7656125956818303,Steam,07:19:07
http://agencenote009.web.app/,Societe Generale,07:13:50
http://amazonshopping.win/,Amazon.com Inc.,07:09:28
https://v1and1-ionos-info-2hyeo.ondigitalocean.app/,1&1 Ionos,07:06:22
http://yahoo-106347-106122.weeblysite.com/,Yahoo! Inc,06:46:29
https://unruffled-poincare.178-170-13-191.plesk.page/Swiss-a4c6294-185bad0cd24-1aadd/a4c6294-185bad0cd24/A16738wGb6O30aBXQmpDU76204812/fbB5ppqkPTE69npSXqEmVvkKtVs/,PostFinance,06:40:37
http://hicrypto.com.cn/,Epos Card Co.,06:34:22
http://smsenligne.myfreesites.net/,Orange,06:33:36
http://cnchax.com/,Tencent,06:31:50
https://glitso.in/profile.html?countUser=fd4272ab1f9af9e05f72f4af74cea2f8,Facebook,06:29:24
http://www.iplayukulele.com/POST/BIbAZTGkMv4193/,DHL Airways,06:15:45
http://www.soeme.com/site/wp-includes/Office/login.php,Outlook,06:15:20
http://www.sorrentinovini.com/wp-content/plugins/mail-boxes-etc/lib/vendor/setasign/fpdi/src/PdfParser/Filter/invoice/DocuSign/index2.php,DocuSign,06:11:06
http://www.2vyou.com/hollin/portal.php,Alibaba,06:10:16
http://mail-102509.square.site/,Generic/Spear Phishing,08:14:42
http://www.iplayukulele.com/POST/BIbAZTGkMv4621/,DHL Airways, Inc.
http://www.gg83659.com/,Bet365,08:12:09
https://login-clienti-bper-italia.cfolks.pl/application/mobile/public/webapp/digital-login/area-riservata.php,BPER Banca,08:10:02
http://ev6gwa.webwave.dev/,AT&T Inc.,08:08:20
http://netflix.ayuda-telefonica.com/,Netflix Inc.,08:06:25
http://ourtime.address-match.workers.dev/,InterActiveCorp,08:05:29
http://whatsarspp.com/,WhatsApp,08:01:17
http://akaniokashi7.com/boominati/,Australian Government,08:01:00
http://www.generato-sistemaint.com/,Intesa Sanpaolo,08:00:56
http://kucoidfn-lgin.godaddysites.com/,Crypto/Wallet,07:45:23
https://generatingcontent.online/japan-porn-hacker-kernad2es5kjd-ewos4dsd0f5es-podie4wosde0ws5podes-depso3de6wosd-0ewp3sod6esd-f0ew3psode5d0f-reodi5ews-d0fep3sod7esd-f0es5pbfvt-get5mquerys8194/002/,Office365,07:42:30
https://www.mitid-approve.20-203-169-150.cprapid.com/nordx/,Nordea Bank AB,07:41:35
http://bafybeidoxfiahb32n5ulr2rr7phipwicabrudy5gbmxdlvcedjikzeip4e.ipfs.dweb.link/,Microsoft OneDrive,07:35:24
https://elamigovisible.utopicum.es/id.html?ts=1,Nordea Bank,07:26:37
http://meriyzarrimerezidonving.blogspot.com/,La Banque postale,07:24:26
http://instagram-apple.com/,Apple Inc.,07:20:58
http://steaamcomunity.com/profles/7656125956818303,Steam,07:19:07
http://agencenote009.web.app/,Societe Generale,07:13:50
http://amazonshopping.win/,Amazon.com Inc.,07:09:28
https://v1and1-ionos-info-2hyeo.ondigitalocean.app/,1&1 Ionos,07:06:22
http://yahoo-106347-106122.weeblysite.com/,Yahoo! Inc,06:46:29
https://unruffled-poincare.178-170-13-191.plesk.page/Swiss-a4c6294-185bad0cd24-1aadd/a4c6294-185bad0cd24/A16738wGb6O30aBXQmpDU76204812/fbB5ppqkPTE69npSXqEmVvkKtVs/,PostFinance,06:40:37
http://hicrypto.com.cn/,Epos Card Co.,Ltd.
http://smsenligne.myfreesites.net/,Orange,06:33:36
http://cnchax.com/,Tencent,06:31:50
https://glitso.in/profile.html?countUser=fd4272ab1f9af9e05f72f4af74cea2f8,Facebook, Inc.
http://www.soeme.com/site/wp-includes/Office/login.php,Outlook,06:15:20
http://www.sorrentinovini.com/wp-content/plugins/mail-boxes-etc/lib/vendor/setasign/fpdi/src/PdfParser/Filter/invoice/DocuSign/index2.php,DocuSign,06:11:06
http://www.2vyou.com/hollin/portal.php,Alibaba,06:10:16
http://mail-102509.square.site/,Generic/Spear Phishing,08:14:42
http://www.iplayukulele.com/POST/BIbAZTGkMv4621/,DHL Airways, Inc.
http://www.gg83659.com/,Bet365,08:12:09
https://login-clienti-bper-italia.cfolks.pl/application/mobile/public/webapp/digital-login/area-riservata.php,BPER Banca,08:10:02
http://ev6gwa.webwave.dev/,AT&T Inc.,08:08:20
http://netflix.ayuda-telefonica.com/,Netflix Inc.,08:06:25
http://ourtime.address-match.workers.dev/,InterActiveCorp,08:05:29
http://whatsarspp.com/,WhatsApp,08:01:17
http://akaniokashi7.com/boominati/,Australian Government,08:01:00
http://www.generato-sistemaint.com/,Intesa Sanpaolo,08:00:56
http://kucoidfn-lgin.godaddysites.com/,Crypto/Wallet,07:45:23
https://generatingcontent.online/japan-porn-hacker-kernad2es5kjd-ewos4dsd0f5es-podie4wosde0ws5podes-depso3de6wosd-0ewp3sod6esd-f0ew3psode5d0f-reodi5ews-d0fep3sod7esd-f0es5pbfvt-get5mquerys8194/002/,Office365,07:42:30
https://www.mitid-approve.20-203-169-150.cprapid.com/nordx/,Nordea Bank AB,07:41:35
http://bafybeidoxfiahb32n5ulr2rr7phipwicabrudy5gbmxdlvcedjikzeip4e.ipfs.dweb.link/,Microsoft OneDrive,07:35:24
https://elamigovisible.utopicum.es/id.html?ts=1,Nordea Bank,07:26:37
http://meriyzarrimerezidonving.blogspot.com/,La Banque postale,07:24:26
http://instagram-apple.com/,Apple Inc.,07:20:58
http://steaamcomunity.com/profles/7656125956818303,Steam,07:19:07
http://agencenote009.web.app/,Societe Generale,07:13:50
http://amazonshopping.win/,Amazon.com Inc.,07:09:28
https://v1and1-ionos-info-2hyeo.ondigitalocean.app/,1&1 Ionos,07:06:22
http://yahoo-106347-106122.weeblysite.com/,Yahoo! Inc,06:46:29
https://unruffled-poincare.178-170-13-191.plesk.page/Swiss-a4c6294-185bad0cd24-1aadd/a4c6294-185bad0cd24/A16738wGb6O30aBXQmpDU76204812/fbB5ppqkPTE69npSXqEmVvkKtVs/,PostFinance,06:40:37
http://hicrypto.com.cn/,Epos Card Co.,Ltd.
http://smsenligne.myfreesites.net/,Orange,06:33:36
http://cnchax.com/,Tencent,06:31:50
https://glitso.in/profile.html?countUser=fd4272ab1f9af9e05f72f4af74cea2f8,Facebook, Inc.
http://www.soeme.com/site/wp-includes/Office/login.php,Outlook,06:15:20
http://www.sorrentinovini.com/wp-content/plugins/mail-boxes-etc/lib/vendor/setasign/fpdi/src/PdfParser/Filter/invoice/DocuSign/index2.php,DocuSign,06:11:06
http://www.2vyou.com/hollin/portal.php,Alibaba,06:10:16
https://dati-conto.misecure.com/dati-conto.misecure.com/index.php,Generic/Spear Phishing,08:17:56
http://www.iplayukulele.com/POST/BIbAZTGkMv4621/,DHL Airways, Inc.
http://www.gg83659.com/,Bet365,08:12:09
https://login-clienti-bper-italia.cfolks.pl/application/mobile/public/webapp/digital-login/area-riservata.php,BPER Banca,08:10:02
http://ev6gwa.webwave.dev/,AT&T Inc.,08:08:20
http://netflix.ayuda-telefonica.com/,Netflix Inc.,08:06:25
http://ourtime.address-match.workers.dev/,InterActiveCorp,08:05:29
http://whatsarspp.com/,WhatsApp,08:01:17
http://akaniokashi7.com/boominati/,Australian Government,08:01:00
http://www.generato-sistemaint.com/,Intesa Sanpaolo,08:00:56
http://kucoidfn-lgin.godaddysites.com/,Crypto/Wallet,07:45:23
https://generatingcontent.online/japan-porn-hacker-kernad2es5kjd-ewos4dsd0f5es-podie4wosde0ws5podes-depso3de6wosd-0ewp3sod6esd-f0ew3psode5d0f-reodi5ews-d0fep3sod7esd-f0es5pbfvt-get5mquerys8194/002/,Office365,07:42:30
https://www.mitid-approve.20-203-169-150.cprapid.com/nordx/,Nordea Bank AB,07:41:35
http://bafybeidoxfiahb32n5ulr2rr7phipwicabrudy5gbmxdlvcedjikzeip4e.ipfs.dweb.link/,Microsoft OneDrive,07:35:24
https://elamigovisible.utopicum.es/id.html?ts=1,Nordea Bank,07:26:37
http://meriyzarrimerezidonving.blogspot.com/,La Banque postale,07:24:26
http://instagram-apple.com/,Apple Inc.,07:20:58
http://steaamcomunity.com/profles/7656125956818303,Steam,07:19:07
http://agencenote009.web.app/,Societe Generale,07:13:50
http://amazonshopping.win/,Amazon.com Inc.,07:09:28
https://v1and1-ionos-info-2hyeo.ondigitalocean.app/,1&1 Ionos,07:06:22
http://yahoo-106347-106122.weeblysite.com/,Yahoo! Inc,06:46:29
https://unruffled-poincare.178-170-13-191.plesk.page/Swiss-a4c6294-185bad0cd24-1aadd/a4c6294-185bad0cd24/A16738wGb6O30aBXQmpDU76204812/fbB5ppqkPTE69npSXqEmVvkKtVs/,PostFinance,06:40:37
http://hicrypto.com.cn/,Epos Card Co.,06:34:22
http://smsenligne.myfreesites.net/,Orange,06:33:36
http://cnchax.com/,Tencent,06:31:50
https://glitso.in/profile.html?countUser=fd4272ab1f9af9e05f72f4af74cea2f8,Facebook,06:29:24
http://www.soeme.com/site/wp-includes/Office/login.php,Outlook,06:15:20
http://www.sorrentinovini.com/wp-content/plugins/mail-boxes-etc/lib/vendor/setasign/fpdi/src/PdfParser/Filter/invoice/DocuSign/index2.php,DocuSign,06:11:06
http://www.2vyou.com/hollin/portal.php,Alibaba,06:10:16
https://dati-conto.misecure.com/dati-conto.misecure.com/index.php,Generic/Spear Phishing,08:17:56
http://www.iplayukulele.com/POST/BIbAZTGkMv4621/,DHL Airways,08:12:55
http://www.gg83659.com/,Bet365,08:12:09
https://login-clienti-bper-italia.cfolks.pl/application/mobile/public/webapp/digital-login/area-riservata.php,BPER Banca,08:10:02
http://ev6gwa.webwave.dev/,AT&T Inc.,08:08:20
http://netflix.ayuda-telefonica.com/,Netflix Inc.,08:06:25
http://ourtime.address-match.workers.dev/,InterActiveCorp,08:05:29
http://whatsarspp.com/,WhatsApp,08:01:17
http://akaniokashi7.com/boominati/,Australian Government,08:01:00
http://www.generato-sistemaint.com/,Intesa Sanpaolo,08:00:56
http://kucoidfn-lgin.godaddysites.com/,Crypto/Wallet,07:45:23
https://generatingcontent.online/japan-porn-hacker-kernad2es5kjd-ewos4dsd0f5es-podie4wosde0ws5podes-depso3de6wosd-0ewp3sod6esd-f0ew3psode5d0f-reodi5ews-d0fep3sod7esd-f0es5pbfvt-get5mquerys8194/002/,Office365,07:42:30
https://www.mitid-approve.20-203-169-150.cprapid.com/nordx/,Nordea Bank AB,07:41:35
http://bafybeidoxfiahb32n5ulr2rr7phipwicabrudy5gbmxdlvcedjikzeip4e.ipfs.dweb.link/,Microsoft OneDrive,07:35:24
https://elamigovisible.utopicum.es/id.html?ts=1,Nordea Bank,07:26:37
http://meriyzarrimerezidonving.blogspot.com/,La Banque postale,07:24:26
http://instagram-apple.com/,Apple Inc.,07:20:58
http://steaamcomunity.com/profles/7656125956818303,Steam,07:19:07
http://agencenote009.web.app/,Societe Generale,07:13:50
http://amazonshopping.win/,Amazon.com Inc.,07:09:28
https://v1and1-ionos-info-2hyeo.ondigitalocean.app/,1&1 Ionos,07:06:22
http://yahoo-106347-106122.weeblysite.com/,Yahoo! Inc,06:46:29
https://unruffled-poincare.178-170-13-191.plesk.page/Swiss-a4c6294-185bad0cd24-1aadd/a4c6294-185bad0cd24/A16738wGb6O30aBXQmpDU76204812/fbB5ppqkPTE69npSXqEmVvkKtVs/,PostFinance,06:40:37
http://hicrypto.com.cn/,Epos Card Co.,06:34:22
http://smsenligne.myfreesites.net/,Orange,06:33:36
http://cnchax.com/,Tencent,06:31:50
https://glitso.in/profile.html?countUser=fd4272ab1f9af9e05f72f4af74cea2f8,Facebook,06:29:24
http://www.soeme.com/site/wp-includes/Office/login.php,Outlook,06:15:20
http://www.sorrentinovini.com/wp-content/plugins/mail-boxes-etc/lib/vendor/setasign/fpdi/src/PdfParser/Filter/invoice/DocuSign/index2.php,DocuSign,06:11:06
http://www.2vyou.com/hollin/portal.php,Alibaba,06:10:16
http://d20hmrpg1g7ixv.cloudfront.net/,Outlook,08:26:21
http://2f3a.reicrut-chat.workers.dev/,InterActiveCorp,08:23:40
https://bafybeid3lqtonezjssy3u52e2codl4yoqwbjft5slj3uswjefqptwqfr7a.ipfs.dweb.link/86.html,Office365,08:23:23
http://3656ooo.com/,Bet365,08:23:01
https://dati-conto.misecure.com/dati-conto.misecure.com/index.php,Generic/Spear Phishing,08:17:56
http://www.iplayukulele.com/POST/BIbAZTGkMv4621/,DHL Airways,08:12:55
https://login-clienti-bper-italia.cfolks.pl/application/mobile/public/webapp/digital-login/area-riservata.php,BPER Banca,08:10:02
http://ev6gwa.webwave.dev/,AT&T Inc.,08:08:20
http://netflix.ayuda-telefonica.com/,Netflix Inc.,08:06:25
http://whatsarspp.com/,WhatsApp,08:01:17
http://akaniokashi7.com/boominati/,Australian Government,08:01:00
http://www.generato-sistemaint.com/,Intesa Sanpaolo,08:00:56
http://kucoidfn-lgin.godaddysites.com/,Crypto/Wallet,07:45:23
https://www.mitid-approve.20-203-169-150.cprapid.com/nordx/,Nordea Bank AB,07:41:35
http://bafybeidoxfiahb32n5ulr2rr7phipwicabrudy5gbmxdlvcedjikzeip4e.ipfs.dweb.link/,Microsoft OneDrive,07:35:24
https://elamigovisible.utopicum.es/id.html?ts=1,Nordea Bank,07:26:37
http://meriyzarrimerezidonving.blogspot.com/,La Banque postale,07:24:26
http://instagram-apple.com/,Apple Inc.,07:20:58
http://steaamcomunity.com/profles/7656125956818303,Steam,07:19:07
http://agencenote009.web.app/,Societe Generale,07:13:50
http://amazonshopping.win/,Amazon.com Inc.,07:09:28
https://v1and1-ionos-info-2hyeo.ondigitalocean.app/,1&1 Ionos,07:06:22
http://yahoo-106347-106122.weeblysite.com/,Yahoo! Inc,06:46:29
https://unruffled-poincare.178-170-13-191.plesk.page/Swiss-a4c6294-185bad0cd24-1aadd/a4c6294-185bad0cd24/A16738wGb6O30aBXQmpDU76204812/fbB5ppqkPTE69npSXqEmVvkKtVs/,PostFinance,06:40:37
http://hicrypto.com.cn/,Epos Card Co.,06:34:22
http://smsenligne.myfreesites.net/,Orange,06:33:36
http://cnchax.com/,Tencent,06:31:50
https://glitso.in/profile.html?countUser=fd4272ab1f9af9e05f72f4af74cea2f8,Facebook,06:29:24
http://www.sorrentinovini.com/wp-content/plugins/mail-boxes-etc/lib/vendor/setasign/fpdi/src/PdfParser/Filter/invoice/DocuSign/index2.php,DocuSign,06:11:06
http://www.2vyou.com/hollin/portal.php,Alibaba,06:10:16
http://www.gov-4update.com/gov/login/,Australian Government,08:30:39
https://sparkassesicherheit.link/anmelden,Sparkasse Bank,08:30:37
http://logn-aol-8a60.zi6.workers.dev/,AOL Inc.,08:30:29
https://uc-free.com/cantik/,Tencent,08:29:09
http://vip3659a.com/,Bet365,08:28:49
http://outlook508.yolasite.com/,Generic/Spear Phishing,08:28:24
http://d20hmrpg1g7ixv.cloudfront.net/,Outlook,08:26:21
http://2f3a.reicrut-chat.workers.dev/,InterActiveCorp,08:23:40
https://bafybeid3lqtonezjssy3u52e2codl4yoqwbjft5slj3uswjefqptwqfr7a.ipfs.dweb.link/86.html,Office365,08:23:23
http://www.iplayukulele.com/POST/BIbAZTGkMv4621/,DHL Airways,08:12:55
https://login-clienti-bper-italia.cfolks.pl/application/mobile/public/webapp/digital-login/area-riservata.php,BPER Banca,08:10:02
http://ev6gwa.webwave.dev/,AT&T Inc.,08:08:20
http://netflix.ayuda-telefonica.com/,Netflix Inc.,08:06:25
http://whatsarspp.com/,WhatsApp,08:01:17
http://www.generato-sistemaint.com/,Intesa Sanpaolo,08:00:56
http://kucoidfn-lgin.godaddysites.com/,Crypto/Wallet,07:45:23
https://www.mitid-approve.20-203-169-150.cprapid.com/nordx/,Nordea Bank AB,07:41:35
http://bafybeidoxfiahb32n5ulr2rr7phipwicabrudy5gbmxdlvcedjikzeip4e.ipfs.dweb.link/,Microsoft OneDrive,07:35:24
https://elamigovisible.utopicum.es/id.html?ts=1,Nordea Bank,07:26:37
http://meriyzarrimerezidonving.blogspot.com/,La Banque postale,07:24:26
http://instagram-apple.com/,Apple Inc.,07:20:58
http://steaamcomunity.com/profles/7656125956818303,Steam,07:19:07
http://agencenote009.web.app/,Societe Generale,07:13:50
http://amazonshopping.win/,Amazon.com Inc.,07:09:28
https://v1and1-ionos-info-2hyeo.ondigitalocean.app/,1&1 Ionos,07:06:22
http://yahoo-106347-106122.weeblysite.com/,Yahoo! Inc,06:46:29
https://unruffled-poincare.178-170-13-191.plesk.page/Swiss-a4c6294-185bad0cd24-1aadd/a4c6294-185bad0cd24/A16738wGb6O30aBXQmpDU76204812/fbB5ppqkPTE69npSXqEmVvkKtVs/,PostFinance,06:40:37
http://hicrypto.com.cn/,Epos Card Co.,06:34:22
http://smsenligne.myfreesites.net/,Orange,06:33:36
https://glitso.in/profile.html?countUser=fd4272ab1f9af9e05f72f4af74cea2f8,Facebook,06:29:24
http://www.gov-4update.com/gov/login/,Australian Government,08:30:39
https://sparkassesicherheit.link/anmelden,Sparkasse Bank,08:30:37
http://logn-aol-8a60.zi6.workers.dev/,AOL Inc.,08:30:29
https://uc-free.com/cantik/,Tencent,08:29:09
http://vip3659a.com/,Bet365,08:28:49
http://outlook508.yolasite.com/,Generic/Spear Phishing,08:28:24
http://d20hmrpg1g7ixv.cloudfront.net/,Outlook,08:26:21
http://2f3a.reicrut-chat.workers.dev/,InterActiveCorp,08:23:40
https://bafybeid3lqtonezjssy3u52e2codl4yoqwbjft5slj3uswjefqptwqfr7a.ipfs.dweb.link/86.html,Office365,08:23:23
http://www.iplayukulele.com/POST/BIbAZTGkMv4621/,DHL Airways,08:12:55
https://login-clienti-bper-italia.cfolks.pl/application/mobile/public/webapp/digital-login/area-riservata.php,BPER Banca,08:10:02
http://ev6gwa.webwave.dev/,AT&T Inc.,08:08:20
http://netflix.ayuda-telefonica.com/,Netflix Inc.,08:06:25
http://whatsarspp.com/,WhatsApp,08:01:17
http://www.generato-sistemaint.com/,Intesa Sanpaolo,08:00:56
http://kucoidfn-lgin.godaddysites.com/,Crypto/Wallet,07:45:23
https://www.mitid-approve.20-203-169-150.cprapid.com/nordx/,Nordea Bank AB,07:41:35
http://bafybeidoxfiahb32n5ulr2rr7phipwicabrudy5gbmxdlvcedjikzeip4e.ipfs.dweb.link/,Microsoft OneDrive,07:35:24
https://elamigovisible.utopicum.es/id.html?ts=1,Nordea Bank,07:26:37
http://meriyzarrimerezidonving.blogspot.com/,La Banque postale,07:24:26
http://instagram-apple.com/,Apple Inc.,07:20:58
http://steaamcomunity.com/profles/7656125956818303,Steam,07:19:07
http://agencenote009.web.app/,Societe Generale,07:13:50
http://amazonshopping.win/,Amazon.com Inc.,07:09:28
https://v1and1-ionos-info-2hyeo.ondigitalocean.app/,1&1 Ionos,07:06:22
http://yahoo-106347-106122.weeblysite.com/,Yahoo! Inc,06:46:29
https://unruffled-poincare.178-170-13-191.plesk.page/Swiss-a4c6294-185bad0cd24-1aadd/a4c6294-185bad0cd24/A16738wGb6O30aBXQmpDU76204812/fbB5ppqkPTE69npSXqEmVvkKtVs/,PostFinance,06:40:37
http://hicrypto.com.cn/,Epos Card Co.,06:34:22
http://smsenligne.myfreesites.net/,Orange,06:33:36
https://glitso.in/profile.html?countUser=fd4272ab1f9af9e05f72f4af74cea2f8,Facebook,06:29:24
http://www.gov-4update.com/gov/login/,Australian Government,08:30:39
https://sparkassesicherheit.link/anmelden,Sparkasse Bank,08:30:37
http://logn-aol-8a60.zi6.workers.dev/,AOL Inc.,08:30:29
https://uc-free.com/cantik/,Tencent,08:29:09
http://vip3659a.com/,Bet365,08:28:49
http://outlook508.yolasite.com/,Generic/Spear Phishing,08:28:24
http://d20hmrpg1g7ixv.cloudfront.net/,Outlook,08:26:21
http://2f3a.reicrut-chat.workers.dev/,InterActiveCorp,08:23:40
https://bafybeid3lqtonezjssy3u52e2codl4yoqwbjft5slj3uswjefqptwqfr7a.ipfs.dweb.link/86.html,Office365,08:23:23
http://www.iplayukulele.com/POST/BIbAZTGkMv4621/,DHL Airways,08:12:55
https://login-clienti-bper-italia.cfolks.pl/application/mobile/public/webapp/digital-login/area-riservata.php,BPER Banca,08:10:02
http://ev6gwa.webwave.dev/,AT&T Inc.,08:08:20
http://netflix.ayuda-telefonica.com/,Netflix Inc.,08:06:25
http://whatsarspp.com/,WhatsApp,08:01:17
http://www.generato-sistemaint.com/,Intesa Sanpaolo,08:00:56
http://kucoidfn-lgin.godaddysites.com/,Crypto/Wallet,07:45:23
https://www.mitid-approve.20-203-169-150.cprapid.com/nordx/,Nordea Bank AB,07:41:35
http://bafybeidoxfiahb32n5ulr2rr7phipwicabrudy5gbmxdlvcedjikzeip4e.ipfs.dweb.link/,Microsoft OneDrive,07:35:24
https://elamigovisible.utopicum.es/id.html?ts=1,Nordea Bank,07:26:37
http://meriyzarrimerezidonving.blogspot.com/,La Banque postale,07:24:26
http://instagram-apple.com/,Apple Inc.,07:20:58
http://steaamcomunity.com/profles/7656125956818303,Steam,07:19:07
http://agencenote009.web.app/,Societe Generale,07:13:50
http://amazonshopping.win/,Amazon.com Inc.,07:09:28
https://v1and1-ionos-info-2hyeo.ondigitalocean.app/,1&1 Ionos,07:06:22
http://yahoo-106347-106122.weeblysite.com/,Yahoo! Inc,06:46:29
https://unruffled-poincare.178-170-13-191.plesk.page/Swiss-a4c6294-185bad0cd24-1aadd/a4c6294-185bad0cd24/A16738wGb6O30aBXQmpDU76204812/fbB5ppqkPTE69npSXqEmVvkKtVs/,PostFinance,06:40:37
http://hicrypto.com.cn/,Epos Card Co.,06:34:22
http://smsenligne.myfreesites.net/,Orange,06:33:36
https://glitso.in/profile.html?countUser=fd4272ab1f9af9e05f72f4af74cea2f8,Facebook,06:29:24
2023-01-28 11:41:44.031632,,
